<?xml version="1.0" encoding="UTF-8"?>
<sy:switchyard xmlns:bean="urn:switchyard-component-bean:config:1.1" xmlns:sca="http://docs.oasis-open.org/ns/opencsa/sca/200912" xmlns:sy="urn:switchyard-config:switchyard:1.1" name="switchyard-helloWord" targetNamespace="urn:com.example.switchyard:switchyard-helloWord:1.0">
  <sca:composite name="switchyard-helloWord" targetNamespace="urn:com.example.switchyard:switchyard-helloWord:1.0">
    <sca:component name="HelloWorldServiceBean">
      <bean:implementation.bean class="com.example.switchyard.switchyard_helloWord.HelloWorldServiceBean"/>
      <sca:service name="HelloWorldService">
        <sca:interface.java interface="com.example.switchyard.switchyard_helloWord.HelloWorldService"/>
      </sca:service>
    </sca:component>
    <sca:service name="HelloWorldService" promote="HelloWorldServiceBean/HelloWorldService">
      <sca:interface.java interface="com.example.switchyard.switchyard_helloWord.HelloWorldService"/>
    </sca:service>
  </sca:composite>
</sy:switchyard>